{"inputUnits":[63],"outputUnits":17,"inputs":{"0":{"dtype":"number","min":85.59891895696782,"max":426.41114686665173},"1":{"dtype":"number","min":235.9353997581217,"max":492.9275927160776},"2":{"dtype":"number","min":-0.007289394736289978,"max":0.0013065636157989502},"3":{"dtype":"number","min":122.67901564551138,"max":397.7579128550599},"4":{"dtype":"number","min":196.6881088485674,"max":460.56799128218825},"5":{"dtype":"number","min":-42.415523529052734,"max":15.600934982299805},"6":{"dtype":"number","min":138.21471374475715,"max":426.6032086756767},"7":{"dtype":"number","min":148.40889611945508,"max":415.69564287813364},"8":{"dtype":"number","min":-74.38429260253906,"max":21.70601463317871},"9":{"dtype":"number","min":144.4646605182431,"max":447.275331291145},"10":{"dtype":"number","min":152.97568635844942,"max":389.1390072500783},"11":{"dtype":"number","min":-94.188232421875,"max":23.242895126342773},"12":{"dtype":"number","min":138.69883008492943,"max":492.7518719245133},"13":{"dtype":"number","min":75.19223983370807,"max":367.26472390524185},"14":{"dtype":"number","min":-103.45425415039062,"max":24.920724868774414},"15":{"dtype":"number","min":52.337910590040266,"max":410.3536818901456},"16":{"dtype":"number","min":130.32706320090483,"max":367.38621831815124},"17":{"dtype":"number","min":-94.47422790527344,"max":20.226491928100586},"18":{"dtype":"number","min":23.22119390279336,"max":449.45918043529116},"19":{"dtype":"number","min":90.12228590349618,"max":313.37822420966666},"20":{"dtype":"number","min":-110.10045623779297,"max":18.557859420776367},"21":{"dtype":"number","min":14.217281986415145,"max":488.9929383690318},"22":{"dtype":"number","min":81.49039999309792,"max":328.7876987694828},"23":{"dtype":"number","min":-98.640625,"max":13.433399200439453},"24":{"dtype":"number","min":12.933998906537468,"max":497.1419947459134},"25":{"dtype":"number","min":33.53639567547913,"max":333.35471884481353},"26":{"dtype":"number","min":-99.73926544189453,"max":9.808408737182617},"27":{"dtype":"number","min":32.9223111318363,"max":423.46038852832453},"28":{"dtype":"number","min":117.76085613247326,"max":361.85591356044665},"29":{"dtype":"number","min":-84.7393569946289,"max":8.1725492477417},"30":{"dtype":"number","min":33.116962310330734,"max":435.2919868939235},"31":{"dtype":"number","min":75.939534928868,"max":301.41487831130263},"32":{"dtype":"number","min":-112.83309173583984,"max":4.636899471282959},"33":{"dtype":"number","min":54.46302286538311,"max":465.2034708822474},"34":{"dtype":"number","min":69.80248689359193,"max":359.3439921146058},"35":{"dtype":"number","min":-100.93705749511719,"max":-1.4614076614379883},"36":{"dtype":"number","min":67.3234024896382,"max":458.9060226474164},"37":{"dtype":"number","min":13.096145710772504,"max":388.493301115237},"38":{"dtype":"number","min":-96.56271362304688,"max":5.895502090454102},"39":{"dtype":"number","min":26.07792157371626,"max":455.620071913934},"40":{"dtype":"number","min":129.76331536230714,"max":358.08606025846393},"41":{"dtype":"number","min":-76.00209045410156,"max":11.743701934814453},"42":{"dtype":"number","min":33.13447760532651,"max":443.0521840269892},"43":{"dtype":"number","min":90.13295852627999,"max":326.99556828143216},"44":{"dtype":"number","min":-99.63177490234375,"max":9.593334197998047},"45":{"dtype":"number","min":51.881139386539,"max":452.0994746389124},"46":{"dtype":"number","min":76.20413228003844,"max":379.95644576693513},"47":{"dtype":"number","min":-89.30233764648438,"max":7.452563285827637},"48":{"dtype":"number","min":61.825996843312154,"max":440.61792828462785},"49":{"dtype":"number","min":42.147572524993194,"max":400.2535585802042},"50":{"dtype":"number","min":-83.29640197753906,"max":3.9179162979125977},"51":{"dtype":"number","min":23.64575151530287,"max":476.7692654352296},"52":{"dtype":"number","min":144.60442533844383,"max":353.42954231431224},"53":{"dtype":"number","min":-69.99734497070312,"max":21.635427474975586},"54":{"dtype":"number","min":35.076984633561715,"max":476.0761729424071},"55":{"dtype":"number","min":111.69733008340157,"max":367.40857804016434},"56":{"dtype":"number","min":-95.52720642089844,"max":24.070091247558594},"57":{"dtype":"number","min":49.678556634220755,"max":494.74307829568517},"58":{"dtype":"number","min":106.85306101848948,"max":398.90976805231645},"59":{"dtype":"number","min":-100.5120849609375,"max":22.28296661376953},"60":{"dtype":"number","min":55.51277808436647,"max":516.7196683719645},"61":{"dtype":"number","min":102.68999110308587,"max":398.3038372342202},"62":{"dtype":"number","min":-103.02751159667969,"max":20.169410705566406}},"outputs":{"0":{"dtype":"string","min":0,"max":1,"uniqueValues":["a","b","c","d","e","f","g","h","o","q","r","s","u","v","x","y","z"],"legend":{"a":[1,0,0,0,0,0,0,0,0,0,0,0,0,0,0,0,0],"b":[0,1,0,0,0,0,0,0,0,0,0,0,0,0,0,0,0],"c":[0,0,1,0,0,0,0,0,0,0,0,0,0,0,0,0,0],"d":[0,0,0,1,0,0,0,0,0,0,0,0,0,0,0,0,0],"e":[0,0,0,0,1,0,0,0,0,0,0,0,0,0,0,0,0],"f":[0,0,0,0,0,1,0,0,0,0,0,0,0,0,0,0,0],"g":[0,0,0,0,0,0,1,0,0,0,0,0,0,0,0,0,0],"h":[0,0,0,0,0,0,0,1,0,0,0,0,0,0,0,0,0],"o":[0,0,0,0,0,0,0,0,1,0,0,0,0,0,0,0,0],"q":[0,0,0,0,0,0,0,0,0,1,0,0,0,0,0,0,0],"r":[0,0,0,0,0,0,0,0,0,0,1,0,0,0,0,0,0],"s":[0,0,0,0,0,0,0,0,0,0,0,1,0,0,0,0,0],"u":[0,0,0,0,0,0,0,0,0,0,0,0,1,0,0,0,0],"v":[0,0,0,0,0,0,0,0,0,0,0,0,0,1,0,0,0],"x":[0,0,0,0,0,0,0,0,0,0,0,0,0,0,1,0,0],"y":[0,0,0,0,0,0,0,0,0,0,0,0,0,0,0,1,0],"z":[0,0,0,0,0,0,0,0,0,0,0,0,0,0,0,0,1]}}},"isNormalized":true}